{
    "pages": [
        {
            "page_idx": 0,
            "dimensions": [
                3508,
                2481
            ],
            "orientation": {
                "value": null,
                "confidence": null
            },
            "language": {
                "value": null,
                "confidence": null
            },
            "blocks": [
                {
                    "geometry": [
                        [
                            0.86328125,
                            0.02734375
                        ],
                        [
                            0.9462890625,
                            0.044921875
                        ]
                    ],
                    "lines": [
                        {
                            "geometry": [
                                [
                                    0.86328125,
                                    0.02734375
                                ],
                                [
                                    0.9462890625,
                                    0.044921875
                                ]
                            ],
                            "words": [
                                {
                                    "value": "Factura",
                                    "confidence": 0.9997110962867737,
                                    "geometry": [
                                        [
                                            0.86328125,
                                            0.02734375
                                        ],
                                        [
                                            0.9462890625,
                                            0.044921875
                                        ]
                                    ]
                                }
                            ]
                        }
                    ],
                    "artefacts": []
                },
                {
                    "geometry": [
                        [
                            0.6513671875,
                            0.048828125
                        ],
                        [
                            0.94921875,
                            0.0615234375
                        ]
                    ],
                    "lines": [
                        {
                            "geometry": [
                                [
                                    0.6513671875,
                                    0.048828125
                                ],
                                [
                                    0.94921875,
                                    0.0615234375
                                ]
                            ],
                            "words": [
                                {
                                    "value": "Numero",
                                    "confidence": 0.7789537310600281,
                                    "geometry": [
                                        [
                                            0.6513671875,
                                            0.0498046875
                                        ],
                                        [
                                            0.7001953125,
                                            0.060546875
                                        ]
                                    ]
                                },
                                {
                                    "value": "de",
                                    "confidence": 0.9999994039535522,
                                    "geometry": [
                                        [
                                            0.69921875,
                                            0.048828125
                                        ],
                                        [
                                            0.71875,
                                            0.0615234375
                                        ]
                                    ]
                                },
                                {
                                    "value": "la",
                                    "confidence": 0.9928749799728394,
                                    "geometry": [
                                        [
                                            0.7158203125,
                                            0.048828125
                                        ],
                                        [
                                            0.732421875,
                                            0.0615234375
                                        ]
                                    ]
                                },
                                {
                                    "value": "factura",
                                    "confidence": 0.9998531341552734,
                                    "geometry": [
                                        [
                                            0.73046875,
                                            0.0498046875
                                        ],
                                        [
                                            0.7724609375,
                                            0.060546875
                                        ]
                                    ]
                                },
                                {
                                    "value": "MV0E8258852024197",
                                    "confidence": 0.2078418731689453,
                                    "geometry": [
                                        [
                                            0.7744140625,
                                            0.0498046875
                                        ],
                                        [
                                            0.94921875,
                                            0.060546875
                                        ]
                                    ]
                                }
                            ]
                        }
                    ],
                    "artefacts": []
                },
                {
                    "geometry": [
                        [
                            0.0556640625,
                            0.0732421875
                        ],
                        [
                            0.4833984375,
                            0.087890625
                        ]
                    ],
                    "lines": [
                        {
                            "geometry": [
                                [
                                    0.0556640625,
                                    0.0732421875
                                ],
                                [
                                    0.4833984375,
                                    0.087890625
                                ]
                            ],
                            "words": [
                                {
                                    "value": "(1)",
                                    "confidence": 0.8764722347259521,